0.0,0.02214915,0.013835528,0.0,0.0,0.026026923,0.0,0.0,0.023696596,0.0,0.0,0.021978792,0.025818542,0.0,0.019346626,0.0030078029,0.00075850415,0.016470805,0.0,0.013305767,0.018869366,0.051820137,0.06309049,0.0,0.04029403,0.0,0.030523997,0.0,0.0183531,0.010200301,0.0,0.018712249,0.05936445,0.0,0.0,0.04445016,0.03922855,0.0,0.020037888,0.0,0.0,0.0,0.0,0.0,0.0431037,0.054871388,0.0,0.017464697,0.0,0.07202902,0.044907793,0.059516434,0.061529644,0.0046517225,0.0,0.050065205,0.0,0.02640092,0.014651071,0.0,0.040164925,0.056955256,0.028040802,0.07681114
0.025211722,0.002353433,0.022508414,0.0,0.017996142,0.0,0.0024668272,0.0,0.05138177,0.045401573,0.024274118,0.014913522,0.0050401846,0.059679456,0.0,0.0,0.0,0.0,0.037302095,0.0,0.027673423,0.017214388,0.0414113,0.04173272,0.021318676,0.009787058,0.0058334465,0.0,0.03707563,0.012046903,0.0,0.0,0.0,0.0,0.0,0.03750992,0.012812906,0.0,0.0,0.0,0.0,0.0,0.0,0.0,0.024049334,0.093949564,0.0031680944,0.052646592,0.04072371,0.012220819,0.009117354,0.019577723,0.0,0.0534172,0.0,0.0,0.0,0.016761346,0.034677085,0.0,0.07072126,0.029418822,0.04213935,0.011778274
0.0,0.014647048,0.0077277194,0.020623878,0.0,0.0,0.007805881,0.0,0.0062141553,0.0,0.032750204,0.00036059832,0.03443704,0.008841045,0.0,0.0,0.012272753,0.0038005707,0.018476646,0.021625664,0.0,0.0,0.02596981,0.0,0.005792897,0.0,0.019409928,0.0,0.03432138,0.025750788,0.0,0.0,0.010657914,0.0,0.015492045,0.016216312,0.029935066,0.030907918,0.011356657,0.0,0.0,0.021066986,0.0,0.0,0.0,0.0354311,0.0,0.022553883,0.0,0.021622058,0.0,0.005987733,0.031545054,0.031380128,0.0,0.005874916,0.011047186,0.0011109798,0.0,0.0,0.048892494,0.0,0.017477786,0.034022745
0.0,0.0,0.0054259165,0.0,0.011823463,0.008777845,0.0007125377,0.0,0.0053346534,0.0018643651,0.0056961384,0.0,0.0,0.0017304155,0.0027279581,0.008844873,0.0,0.008364892,0.0,0.009573777,0.0041772304,0.0,0.0,0.0,0.008484563,0.00303029,0.0051845824,0.00069383765,0.0009129003,0.005428995,0.0,0.008379511,0.00075690215,0.0028362365,0.0012298302,0.006320117,0.0013592227,0.0,0.00093750446,0.0,0.0,0.0021052046,0.008961066,0.0,0.009780045,0.0021222932,0.0,0.0029355846,0.0045321733,0.006890416,0.011400332,0.0,0.0014381795,0.00660453,0.0,0.0,0.0030907178,0.0,0.0,0.0008720509,0.012538254,0.00087771285,0.0086344145,0.005513033
0.0,0.10823734,0.08293667,0.0,0.103255965,0.0830716,0.0,0.0,0.038077626,0.015932286,0.040901147,0.0,0.0,0.08857855,0.0,0.0946926,0.0,0.025331013,0.0,0.089052774,0.07547916,0.06371565,0.015224926,0.0,0.09309209,0.0,0.0,0.0,0.0062864944,0.005658241,0.08517249,0.046941914,0.011590118,0.0,0.01006716,0.08120517,0.09113619,0.0,0.0,0.04433908,0.0,0.0,0.06759982,0.0,0.0,0.0,0.0,0.0063638594,0.0,0.009510342,0.08133511,0.0,0.04563637,0.10356763,0.0,0.0,0.052834567,0.026256194,0.0,0.0,0.019537408,0.14040531,0.104775585,0.10875812
0.0,0.023925623,0.007923893,0.0,0.0,0.050974995,0.0,0.0,0.0,0.02456732,0.0,0.0,0.02994705,0.044280306,0.0,0.034770537,0.0,0.0276949,0.03129226,0.034821287,0.038874462,0.0,0.0046413825,0.0,0.047499917,0.0,0.07405639,0.022139983,0.0,0.022399595,0.0,0.0,0.0,0.021976871,0.0,0.0,0.0,0.020414164,0.0,0.0,0.0,0.0,0.0,0.0,0.032973673,0.048254192,0.017720252,0.022322524,0.021750156,0.039071694,0.04203306,0.019629423,0.061748937,0.04426244,0.0,0.011742625,0.0,0.0,0.002953214,0.0,0.08667876,0.035493173,0.0,0.032674845
0.0,0.0014847736,0.0051632384,0.0,0.011438815,0.0,0.0,0.0028163935,0.00017402344,0.0054341196,0.008478161,0.003035352,0.0048300773,0.0064524524,0.0,0.0,0.0,0.022101741,0.0039385725,0.01540701,0.014562468,0.0,0.00070298277,0.0141344,0.0067107254,0.014654749,0.007951745,0.0029289436,0.0,0.01816663,0.002476778,0.0023957195,0.0022139684,0.0,0.0,0.0,0.004780408,0.0,0.010852972,0.005946213,0.0,0.0,0.00090777944,0.0,0.012482733,0.0137469,0.0029576882,0.0,0.00943844,0.0012845069,0.020590471,0.0,0.0010544856,0.0,0.0,0.012896861,0.0,0.0,0.0009048032,0.0,0.015186402,0.0,0.010981996,0.0040723886
0.0003063341,0.0,0.0019241119,0.0,0.010653923,0.011022576,0.01419743,0.0,0.0047884686,0.0,0.011886376,0.0,0.00059049623,0.0,0.0037088625,0.0,0.0,0.006240033,0.007813307,0.00034737657,0.012620657,0.0015000484,0.00763392,0.0,0.0,0.0,0.0,0.008661571,0.0,0.0049878918,0.0,0.0,0.0,0.011352018,0.0,0.008357002,0.0,0.0,0.0,0.0,8.493313e-06,0.007939344,0.0,0.0053445823,0.01682326,0.0,0.0,0.0,0.0056150523,0.009066144,0.010812436,0.0,0.0,0.014743625,0.0,0.0,0.0,0.0,0.0,0.0,0.010488326,0.008543432,0.004702273,0.00637603
0.06687462,0.0,0.069392376,0.0,0.026557285,0.0,0.0,0.0,0.0040541706,0.104035616,0.036308795,0.0020368681,0.01002513,0.0,0.0,0.05884986,0.0,0.005656292,0.033362266,0.040055264,0.089603774,0.0,0.022253156,0.0007965097,0.09836527,0.0,0.02434464,0.0,0.07005652,0.07563365,0.0,0.0,0.0003753323,0.0,0.0,0.08746672,0.0241868,0.038396172,0.0,0.0,0.0,0.0,0.02844578,0.0,0.08703945,0.04023558,0.0557167,0.047350973,0.0,0.031610847,0.049005784,0.0,0.04331878,0.079366654,0.0,0.0,0.007280431,0.0,0.0,0.0,0.0,0.09585864,0.035662767,0.03262127
0.0,0.031222912,0.044157796,0.0,0.0,0.0,0.0077372063,0.0,0.0,0.0,0.030259617,0.008389816,0.004855834,0.03328663,0.006868637,0.0,0.0,0.0,0.015239905,0.0,0.005789547,0.030224001,0.042267084,0.0,0.0040629483,0.01741582,0.035207704,0.0,0.0,0.019167958,0.0098663345,0.02882627,0.0015082587,0.0,0.026872199,0.052758105,0.0,0.0,0.016888019,0.036604453,0.024212984,0.0,0.0,0.0,0.0136057045,0.022362988,0.0011184448,0.0,0.0,0.014275862,0.025772817,0.0,0.041903272,0.04435705,0.0055410615,0.0,0.0007862882,0.011654811,0.0,0.0,0.017844245,0.0,0.017813725,0.0
0.005358887,0.0029362272,0.0007801594,0.00023445807,0.000626344,0.0,0.0028962349,0.0,0.0,0.007419433,0.0023634275,0.0,0.0027429718,0.0014492283,0.0,0.00047682365,0.0035805893,0.0013927098,0.00082268193,0.0,0.0,0.002038402,0.004444368,0.0046856487,0.0015765092,0.0008736487,0.0009341404,0.0,0.0015646884,0.0012992884,0.0,0.0034244207,0.0006506756,0.0,0.0,0.005490222,0.0,0.0010973716,0.0010243428,0.0014072265,0.0,0.0,0.0003735656,0.0,0.0,0.0,0.0022128809,0.0017536664,0.0023679626,0.0006808315,0.0028301552,0.0,0.0016857588,0.00082279823,0.0,0.0,0.0,0.00038911356,0.002572076,0.0,0.0,0.006867822,0.0,0.0
0.001218132,0.0,0.00069650693,0.0,0.0044854796,0.0031614685,0.0,0.0006931216,0.0,0.00597205,0.013378184,0.0030908901,0.008317738,0.0,0.0013787826,0.0,0.0,0.004343991,0.0013736447,0.013880268,0.0,0.00018162682,0.0053200927,0.0,0.0022719922,0.0,0.0067854044,0.0,0.010857738,0.002087056,0.0,0.0,0.0,0.0,0.0010379184,0.0,0.0054920316,0.0061178524,0.0,0.0,0.006356072,0.0011700387,0.0021479405,0.0,0.007160793,0.0,0.009618459,0.0,0.005757469,0.0,0.015207017,0.0,0.004136064,0.011452517,0.0,0.006233515,0.0006649769,3.6377925e-05,0.0,0.0,0.0012763534,0.007485111,0.0039686277,0.00297706
0.0,0.016908048,0.0,0.0,0.07765401,0.0,0.0,0.0,0.0,0.05762949,0.07438069,0.018605474,0.020001091,0.0,0.0,0.0,0.026015917,0.0,0.0,0.07684368,0.06673511,0.0,0.1488285,0.0,0.12707728,0.0042549307,0.005464604,0.0,0.046964943,0.05078644,0.008673974,0.0,0.0,0.0,0.0,0.0,0.11284473,0.0,0.0,0.0,0.0,0.057775427,0.001153799,0.0,0.0,0.04101532,0.032775223,0.0,0.032672822,0.01240081,0.0,0.009408239,0.09137848,0.0,0.0,0.02204171,0.0,0.00056845136,0.0,0.0,0.049107548,0.09926636,0.06875963,0.04525576
0.03114522,0.02340196,0.0055695456,0.02469946,0.0007485619,0.0,0.0,0.0,0.0,0.013357056,0.0,0.0,0.002631216,0.03252478,0.0,0.0,0.0,0.0,0.0,0.05573043,0.0,0.0,0.033059757,0.0,0.0,0.068867296,0.0,0.0,0.0,0.0,0.026405098,0.0,0.0,0.039556403,0.026561152,0.027569134,0.0,0.0,0.0,0.03952876,0.0,0.0,0.011087242,0.0,0.0,0.0005396344,0.0,0.041728843,0.0,0.044294674,0.011454279,0.021205531,0.0013377517,0.09361061,0.0,0.0,0.0,0.0016529043,0.014816289,0.013155891,0.0041554384,0.04511416,0.025558297,0.0
0.0,0.011808928,0.03342876,0.0,0.03565562,0.024409149,0.0,0.0,0.0,0.024920098,0.010212809,0.0043009897,0.0,0.014694862,0.006295345,0.023919433,0.0,0.026254248,0.010564159,0.05133697,0.0,0.008541757,0.05366665,0.010933703,0.0,0.0014795836,0.0,0.0,0.010964549,0.01589439,0.0036467079,0.004456997,0.0,0.026784431,0.0010629414,0.05312361,0.0,0.0009465192,0.023971854,0.0,0.007889379,0.0,0.0,0.0,0.026888506,0.018516239,0.0028930977,0.009422356,0.0,0.0066067865,0.016247213,0.0,0.0034542903,0.04529421,0.0,0.0,0.00027183397,0.0,0.006555635,0.0,0.03180358,0.01763303,0.015919013,0.012609776
0.036524218,0.0,0.034912515,0.012840699,0.0,0.030795716,0.0,0.0,0.0,0.020572735,0.0,0.0065569445,0.0077348137,0.006966075,0.0073678484,0.0,0.006847111,0.0,0.019078156,0.018334772,0.0,0.0,0.0012448239,0.0,0.00045230534,0.009103892,0.047843855,0.0,0.02335557,0.02552042,0.017207798,0.0059349397,0.0,0.0,0.0,0.016798602,0.017964724,0.0,0.024263782,0.0,0.0,0.0,0.0,0.0,0.0,0.025628954,0.0,0.003041239,0.0031892185,0.011842677,0.0,0.020656824,0.044807997,0.0,0.024260346,0.0,0.0,0.006506221,0.029902197,0.0044233203,0.0041717337,0.020048432,0.011673169,0.03530317
0.0,0.0,0.011878882,0.0,0.0,0.0070690154,0.0003573934,0.010083502,0.0,0.027258536,0.0,0.0,0.0070974324,0.02186617,0.0,0.0,0.0,0.0043088687,0.0,0.025524866,0.013965986,0.0,0.034466207,0.0,0.0,0.017485129,0.0,0.0,0.013112039,0.02340553,0.0,0.0110636465,0.0,0.0035245137,0.014245782,0.019370558,0.0,0.0,0.0,0.01917301,0.0,0.0,0.0,0.0,0.0,0.016699318,0.0,0.012808232,0.020819737,0.003090754,0.0,0.00017225114,0.008384518,0.0,0.0,0.0066621797,0.007077238,0.0,0.009998813,0.0,0.0,0.013957944,0.0,0.0031146
0.017933413,0.012566437,0.0019774982,0.0,0.005411879,0.0015023166,0.0015529464,0.0,0.0,0.006714835,0.0022589173,0.009497685,0.008723874,0.0,0.00828088,0.019436697,0.0076007494,0.0,0.0,0.0,0.0,0.0016205017,0.02312573,0.0,0.0,0.008269845,0.0,0.0,0.01205563,0.009999384,0.021463046,0.0031360087,0.0047858343,0.0039579105,0.021285128,0.016470214,0.0,0.0,0.022604845,0.0,0.0009610489,0.0,0.0011848675,0.0,0.0012667675,0.0097933225,0.0052687023,0.0,0.0,0.009380997,0.0031155713,0.0075892103,0.0,0.013196797,0.0,0.0,0.003673934,0.0071637,0.0,0.0,0.0,0.009462707,0.013182964,0.0
0.0,0.0,0.05977358,0.0,0.03676899,0.02804729,0.0,0.013118972,0.0,0.036621653,0.05346236,0.018771213,0.018400054,0.018287724,0.0,0.0,0.030728323,0.0043051518,0.014730713,0.050675537,0.0,0.0,0.064695485,0.0,0.022796078,0.0,0.0,0.0,0.0,0.07316133,0.017518515,0.046864085,0.024307601,0.0,0.0,0.050484367,0.014968169,0.0,0.0,0.024497254,0.0,0.04077464,0.042926844,0.0,0.0035702821,0.047123346,0.0,0.0,0.0,0.018898457,0.012704179,0.0,0.04414484,0.020207612,0.0,0.0,0.0006539591,0.0,0.0026325877,0.0031968537,0.0052291905,0.007043425,0.041290563,0.037904795
0.0,0.0027226796,0.010351915,0.0,0.005711166,0.0,0.0,0.0,0.00019845646,0.0084533505,0.0033135647,0.0,0.0018570796,0.0,0.0,0.0,0.0,0.0,0.0,0.0,0.0039377687,0.007870881,0.0048352536,0.002239612,0.0046153017,0.0040986594,0.00243094,0.00016375247,0.0037807247,0.011424996,0.0,0.0031492386,0.003771578,0.0,0.0032233032,0.0030961442,0.00054123905,0.0,0.0,0.002440367,5.9588696e-05,0.00084640796,0.0,0.0014161888,0.010560083,0.0,0.0,0.0,0.00086844875,0.0045037773,0.0,0.0,0.0032470035,0.0,0.0,0.00459186,0.0015697777,0.0,0.0049917875,0.0,0.0,0.0035252115,0.0,0.0
0.003513979,0.0,0.002442685,0.0,0.0055886665,0.0019591714,0.0025448753,0.0,0.0,0.0,0.0074000265,0.0,0.0,0.0,0.0041275453,0.0015410327,0.0,0.015793093,0.0,0.00043471227,0.0072301794,0.0,0.0,0.0,0.0042131823,0.0,0.0,0.0050876485,0.011957514,0.00081256125,0.0,0.0,0.0,0.001959801,0.0,0.0,0.0,0.0,0.0,0.0013087781,0.005470448,0.0032340942,0.0,0.0,0.004702077,0.0,0.01081622,0.0,0.011797253,0.0,0.014086685,0.0,0.003821346,0.0015406993,0.0036503319,0.01038338,0.0,0.004817132,0.0022529454,0.0,0.004761522,0.0,0.0,0.0
0.01320088,0.0027863162,0.0,0.012780834,0.012992192,0.015446524,0.0055773947,0.00872626,0.0,0.018516628,0.0,0.0,0.006555927,0.0071928017,0.0056277104,0.0,0.0,0.01201132,0.011802807,0.0,0.003899783,0.00454624,0.019566707,0.0,0.0,0.0,0.012741396,0.0,0.0,0.006147939,0.0,0.0,0.0017765155,0.00692146,0.0023565558,0.01743592,0.0032915275,0.0041271485,0.00028486247,0.0025808606,0.0,0.0,0.0063132485,0.0006362117,0.007570209,0.018755894,0.0,0.021575954,0.0075442446,0.00874831,0.0,0.0032079113,0.0,0.0,0.010281747,0.0,0.00035680854,0.0,0.0,0.0,0.0,0.007910259,0.0,0.0009982742
0.0,0.0013579717,0.0036714957,0.0,0.0,0.0006732351,0.0,0.0,0.0,0.0011490074,0.0044994256,0.0010481866,0.012083242,0.0066265715,0.0,0.0,0.0,0.0,0.005459359,0.001690468,0.0,0.0007300784,0.004990237,0.0029191584,0.00809832,0.0,0.003964099,0.0,0.0010878429,0.0072660996,0.0,0.0,0.0036070694,0.0,0.0018538769,0.0024036155,0.00537074,0.0,0.0,0.0059544253,0.004181685,0.0,0.010862013,0.0,0.00023708137,0.007911266,0.0,0.009100347,0.00056989293,0.0,0.0047831647,0.0011442231,0.017551899,0.0029765577,0.0,0.011172584,0.004167237,0.0036045527,0.008604386,0.0,0.006383217,0.01053456,0.0,0.002537702
0.036251526,0.0,0.0,0.0,0.007977444,0.001406056,0.011459872,0.0,0.0,0.0,0.0,0.0,0.009097402,0.00063348445,0.023313198,0.0,0.0,0.0,0.0,0.024933286,0.0,0.016475778,0.039222855,0.014133001,0.0,0.003168603,0.0,0.012098157,0.023363004,0.0,0.015181073,0.0,0.008985501,0.0024638332,0.0,0.0110500995,0.0,0.0,0.0,0.0,0.0,0.0,0.0,0.0,0.022839524,0.0009872753,0.0,0.0,0.0,0.0,0.0025159302,0.0,0.021219637,0.010172707,0.00038815395,0.014714334,0.0,0.021436226,0.010104346,0.00015481818,0.010560158,0.0055582947,0.0,0.004521031
0.035446424,0.0,0.0,0.022758693,0.006947738,0.0,0.023948854,0.0,0.0,0.003257657,0.031192709,0.011888508,0.014492394,0.023173884,0.0,0.0,0.008027651,0.029369008,0.0,0.0,0.03211317,0.0,0.0,0.004989297,0.0,0.014998703,0.006885095,0.0,0.026795885,0.037626777,0.0062375134,0.021902291,0.03909738,0.0034153906,0.0,0.012338373,0.038050305,0.015513668,0.022275088,0.0010661958,0.011395662,0.023329644,0.0,0.017028213,0.0098032225,0.0,0.0,0.0,0.014682598,0.0,0.0,0.0,0.010585115,0.016624307,0.0,0.008586784,0.0,0.015332006,0.011857031,0.014355829,0.028422441,0.0,0.018812863,0.021524774
0.0032521323,0.00019526423,0.000427417,0.0021836571,0.0,0.0,0.0035006544,0.0021392666,0.0,0.0024162866,0.00020300807,0.0,0.0020337244,0.0,0.0,0.0,0.0017177996,0.0024750007,0.0,0.0,0.0,6.1138126e-05,0.002086299,0.0028890488,0.0010028431,0.0006455525,0.0030261911,0.0,0.002006016,0.0026153456,0.0,0.0,0.00083257526,0.0,0.0006695383,0.0027820882,0.0,0.0015297162,0.0023344583,0.0008428133,0.0,0.0,0.0035795548,0.0,0.0,0.0,0.0024870804,0.0,0.00017173984,0.0,0.0014747769,0.0,0.0026040303,0.00030684308,0.0,0.0010736419,0.0,0.0,0.0006810966,0.0,0.0,0.0016464532,0.0,0.0
0.0020349193,0.072372906,0.00048646692,0.0,0.0,0.0,0.0,0.0,0.0,0.05257365,0.059251472,0.060647327,0.04533869,0.05006855,0.0,0.004308678,0.060344785,0.026217833,0.084112406,0.041817248,0.0,0.084265396,0.03780918,0.0,0.022071922,0.01552451,0.0,0.010632908,0.005671126,0.046829652,0.0,0.040657498,0.0044081933,0.0,0.0,0.07769273,0.014893434,0.07291072,0.021343172,0.0,0.0,0.0,0.0,0.0,0.028080009,0.05959079,0.0,0.087920606,0.020978076,0.058423758,0.079522625,0.0,0.025783274,0.046235144,0.02784645,0.0,0.0,0.0,0.08284611,0.0,0.009924802,0.10943131,0.03597112,0.0
0.0,0.0,0.011931577,0.0,0.0008641484,0.0075299726,0.0,0.0,0.0095352065,0.0194678,0.0,0.0051900195,0.0111414185,0.0015871604,0.0038803013,0.006698603,0.0,0.0,0.007956688,0.0,0.0,0.0022585385,0.010539629,0.0,0.0,0.0,0.0050858133,0.012546458,0.002890588,0.0144975595,0.0,0.0038232754,0.0,0.0,0.011126372,0.003672152,0.0045165448,0.010513132,0.004702055,0.005503531,0.0,0.0,0.009578052,0.0,0.0,0.0,0.010244597,0.012226841,0.0,0.004801317,0.0062500853,0.010662558,0.011217186,0.0,0.0,0.0059122927,0.0,0.012219308,0.0,0.0,0.0,0.0051758164,0.0,0.0
0.00454594,0.007879913,0.0048791007,0.0,0.019480102,0.017919466,0.0,0.0,0.0035196007,0.015674595,0.003326674,0.0,0.009480171,0.0042850394,0.0,0.007318219,0.0,0.027042031,0.019830769,0.009204232,0.0,0.021313727,0.025643533,0.0,0.0027778728,0.0,0.012788931,0.010619648,0.012501342,0.02735738,0.031884946,0.0,0.014990076,0.009077953,0.0073579173,0.02128667,0.0,0.0047755474,0.0022557746,0.014899597,0.0,0.0,0.0,0.0,0.0,0.0058278264,0.019869853,0.0,0.0,0.03069897,0.0,0.017055674,0.0,0.0047211284,0.0048780064,0.0,0.0,0.01672989,0.0037652324,0.0,0.0037305118,0.040862978,0.0,0.011681432
0.0039998842,0.0,0.0030460414,0.0,0.0,0.0042870324,0.0,0.0020788433,0.0019258717,0.0043696864,0.0,0.0025214693,0.006462954,0.0,0.0009546911,0.001996451,0.0,0.0020918082,0.0,0.0,0.0,0.0,0.002116236,0.0034186994,0.0022471745,0.0,0.0054969415,0.0,0.0043589813,0.0,0.0,0.0,0.004754155,0.0,0.0,0.0050843246,0.0050893184,0.0,0.0037493971,0.0,0.003880761,0.00036614155,0.0,0.0,0.0018993749,0.0015981048,0.0011723894,0.0,0.0036712005,0.0,0.0036496725,0.0,0.0017621048,0.0035592576,0.0,0.0031838226,0.0,0.0,0.0012252273,0.0,0.0,0.006433384,0.0,0.0
0.0011742255,0.0,0.003223441,0.0,0.0,0.00041138683,0.0031736111,0.002049729,0.0,0.0039304076,0.0026181885,0.0,0.00335958,0.0,0.0,0.0,0.0019995987,0.0022393232,0.0,0.0,0.0,0.0,0.0012831159,0.0017189174,0.0010891607,0.0023195646,0.0034031612,0.0,0.0024235998,0.0019131501,0.0,0.0014662633,0.0023226235,0.0,0.0,0.0037240358,0.0,3.061036e-05,0.0046281116,0.00045887538,0.0,0.0,0.0009125976,0.0,0.0,0.0,0.0023936818,0.0,0.0018345847,0.0,0.0016093827,0.0,0.0008901662,0.00021329627,0.0,0.0011486784,0.0,0.0,0.0,0.0,0.0,0.0028483248,0.0,0.0
0.008718757,0.0,0.0015691143,0.00045924576,0.0,0.00074108015,0.0,0.0,0.0,0.012704523,0.005615361,0.0,0.0065057236,0.004105306,0.0,0.00075836596,0.0,0.002242707,0.0,0.007215687,0.0012341375,0.007261215,0.007879693,0.0053265225,0.007829282,0.0,0.004281232,0.0,0.011419415,0.0036740126,0.00051647937,0.0,0.0,0.0,0.0,0.00593591,0.0,0.0,0.0018384828,0.0,0.0,0.0,0.008148856,0.0,0.0,0.0,0.0066977763,0.00834898,0.006703433,0.00434752,0.0010262915,0.0,0.0013728796,0.005605395,0.0,0.0024138396,0.0,0.0,0.0,0.0,0.0012691198,0.004911323,0.0,0.0037431053
0.0048965197,0.0,0.0018581835,0.011322783,0.011219092,0.0017992322,0.0,0.0,0.011592247,0.016297929,0.009243339,0.0,0.0055068685,0.014787123,0.0,0.007516374,0.0011698414,0.0010277269,0.0023663968,0.01857014,0.007391869,0.021126028,0.012249447,0.004528626,0.012537115,0.012694304,0.0152068045,0.0,0.021037096,0.008301223,0.007274828,0.012837229,0.010905756,0.0001529099,0.0,0.024448087,0.006614902,0.009344594,0.0,0.0010496196,0.0,0.0,0.0004350309,0.0,0.0,0.013357808,0.010021539,0.014080349,0.0,0.004002382,0.0011257438,0.0091309715,0.019573312,0.021940561,0.0054852236,0.0,0.003589692,0.013414254,0.0,0.0,0.012004685,0.03262513,0.0014662179,0.014001453
0.0,0.0,0.021685086,0.007967322,0.0,0.0044164923,0.0022585955,0.0,0.0,0.0,0.02384201,0.014067367,0.0,0.0,0.0,0.0,0.004897883,0.016599543,0.0,0.0,0.0,0.011881146,0.0029498166,0.008416226,0.007924338,0.0,0.0,0.001679465,0.010720815,0.008012392,0.004453061,0.0065522604,0.0032872995,0.0,0.0,0.01590263,0.0,0.009403065,0.021390283,0.013452057,0.0014826626,0.0043992717,0.010221326,0.0,0.0,0.012436395,0.0,0.0,0.0025340887,0.0,0.0,0.018039735,0.014614341,0.0,0.01412618,0.0,0.005448321,0.0,0.01079587,0.0,0.0,0.0,0.00023826025,0.0056996327
0.00075790193,0.0,0.000516283,0.0002876785,0.0,0.0020094875,0.0015037449,0.0010992851,0.0,0.0024993573,0.0023760744,0.0,0.0006272136,0.0,0.0,0.0002889561,0.0012499592,0.0036574905,0.0,0.0,0.0,0.0,0.00012964685,0.0013455846,0.00030101856,0.0011092727,0.0010849554,0.0,0.0,4.873774e-05,0.0,0.00081478816,0.0016987105,0.0,0.0,0.0023299637,0.0,0.000104228035,0.003512579,0.0019872715,0.0,0.0,0.0042466437,0.0,0.0,0.0,0.003230467,0.0,0.0021358856,0.0,0.0033112115,9.6218195e-05,0.0028755076,0.0,0.0,0.001323217,0.0,0.0,3.191305e-05,0.0,0.0,0.0034842258,0.0,0.0
0.004752849,0.0006959928,0.0,0.0,0.0003321704,0.004673724,0.007183911,0.0,0.0,0.0,0.004441344,0.0,0.0,0.0,0.0,0.0036356158,0.0,0.00017721346,0.0,0.0032934453,0.0,0.0010236234,0.009664819,0.004719913,0.0,0.004809676,0.0,0.0,0.0,0.0038330536,0.0011005346,0.0032610511,0.0038408062,0.0033795366,0.001028702,0.013123055,0.0,0.0,0.0032409267,0.00091934926,0.0011554846,0.0,0.00062248646,0.0,0.0018203838,0.0,0.0,0.0,0.0,0.0009081762,0.006290326,0.0,0.0,0.008547603,0.0,0.0,0.0,0.0,0.0038729855,0.0,0.0020769886,0.0064314716,0.002191042,0.0
0.0050679487,0.0,0.0035515586,0.0,0.0008636371,0.0022881809,0.0,0.0,0.0009656218,0.00513405,0.00843248,0.0,0.0043855407,0.0031048367,0.0,0.0012296855,0.0,0.0025328924,0.000303976,0.0056216023,0.0,0.006340004,0.0072998935,0.0019412257,0.004496615,0.0037678385,0.0036099749,0.0,0.0079884995,0.008573734,0.0019235485,0.003980659,0.0015605462,0.0,0.0010068426,0.0068419436,0.0006992747,0.004763735,0.0007089791,0.00046048837,0.0,0.0,0.0,0.0,0.00082954817,0.0032060845,0.0062219854,0.00096323295,0.0013867205,0.0,0.0040791826,0.0010482033,0.0042413613,0.008108581,0.0,0.0027351396,0.0,0.002051556,0.0,0.0,0.00769345,0.0087293945,0.0,0.0047369795
0.004043254,0.0,0.0,0.0012969349,0.0,0.0018964942,0.005506981,0.0,0.0,0.003588828,0.0040050317,0.0,0.0016836792,0.0,0.0,0.0014220562,7.799314e-05,0.0046534343,0.0,0.0,0.0003470676,0.0,0.003786568,0.0009501135,0.0,0.0013565446,0.0014187673,0.0,0.002749653,0.0029873766,3.590947e-05,0.0,0.0008667321,0.0,0.0,0.0049649086,0.0,0.003685111,0.0,0.0024833041,0.0,0.0,0.0016989664,0.0,0.0,0.0,0.003466861,0.0,0.0015438951,0.0,0.0031316453,0.0,0.0015983492,0.00021788443,0.0,0.00060191704,0.0,0.0,0.0,0.0,0.0,0.0024988237,0.0,0.0
0.0075280895,0.0,0.0,0.0,0.0027680474,0.0017283538,0.0016761558,0.0007875499,0.0,0.00478344,0.00085773226,0.0,0.0037219957,0.0,0.0,0.0008225986,0.0,0.0032873382,0.0,0.0030327095,0.0,0.0,0.007870857,0.0014858979,0.0010226187,0.005898293,0.0027989661,0.0,0.0016735059,0.004018898,0.0009899449,0.0,0.0,0.0009069517,0.0024880324,0.0032122617,0.0,0.0,0.004935576,0.0,0.0,0.0,0.00022083404,0.0,0.0,0.0033166846,0.0057075084,0.0,0.0,0.002423961,0.0,0.0,0.0012895811,0.001108611,0.0,0.0018261224,0.0,0.0,0.0,0.0,0.0015291981,0.002705331,0.003382475,0.0
0.0031425601,0.0,0.0056002582,0.0010683006,0.0,0.0014262431,0.003045931,0.0,0.0,0.0010371185,0.007140586,0.0,0.0016582264,0.0,0.0,0.0,0.0,0.0033531813,0.0,0.0,0.00021285121,0.0017066111,0.0045876177,0.0015760396,0.00650521,0.0,0.00045674643,0.0,0.004888364,0.009015875,0.00021769758,0.0036128357,0.0020901342,0.0,0.0,0.008233751,0.00040857214,0.0010195768,0.0,0.0027340215,0.00045268255,0.0,0.0006916515,0.0,0.003850022,0.0,0.0036050593,0.0,0.0,0.0,0.0035174408,0.0,0.0040427805,0.0007601017,0.0,0.0015040163,0.0,0.0,0.0,0.0,0.00017623417,0.000790644,0.0015316769,0.0
0.0,0.0,0.0073294076,0.0073791635,0.0,0.009661131,0.0,0.0045631146,0.0013941193,0.0,0.00058894,0.0,0.0,0.0,0.0,0.0,0.0043784445,0.0,0.0036600416,0.008296255,0.0,0.0015541704,0.0036631627,0.0038617766,0.0016389153,0.0032006847,0.007731155,0.0,0.0043350775,0.008816582,0.0,0.0036472124,0.009147156,0.0,0.0,0.008918314,0.0,0.0021383958,0.00030237366,0.0,0.0,0.0,0.0070916833,0.0,0.0,0.0059928205,0.00020367862,0.0,0.0,0.0031728058,0.0,0.003902025,0.008946976,0.0055811256,0.0,0.0020966756,0.0,0.0,0.009597882,0.005796431,0.0,0.007492861,0.0,0.0014353814
0.006673519,0.0,0.0075034783,0.002803247,0.0,0.002766606,0.0,0.00076194026,0.0016662078,0.0,0.0,0.0007018547,0.0005585619,0.0,0.0,0.0024812275,0.003757713,0.0020639973,0.0,0.0,0.0044647316,0.0,0.0,0.00045536144,0.002697468,0.0,0.0040034982,0.0,0.0,0.0,0.0,0.002726833,0.0044018645,0.0,0.00064442854,0.005259507,0.0,0.0,0.0,0.0,0.000641598,0.0008305686,0.0027252773,0.0048536663,0.0039262213,0.0,0.0,0.0,0.00047873287,0.0006364286,0.0071143033,0.0,0.0,0.0,0.0,0.0012778929,0.0009120193,0.0,0.0,0.0,0.0,0.0048315898,0.0,0.0
0.0028016153,0.0,0.0013588376,0.00092256995,0.0,0.0015106509,0.0029456066,0.0,0.0,0.0035120654,0.0023243502,0.0,0.0019077664,0.0,0.0,0.0,0.00034349866,0.0025857266,0.0,0.0,0.0,0.0,0.0023078243,0.0033914146,0.0,0.0027549102,0.0016369878,0.0,0.003377537,0.0009565501,0.0,0.0016161639,0.0006096889,0.0,0.0,0.003022734,0.0,0.0026532486,0.0011330548,0.0,0.0005782281,0.0,0.0015646201,0.00051636656,0.0,0.0,0.0,0.0,0.0039395294,0.0,0.001586109,0.0,0.001506924,0.0,0.0,0.003290095,0.0,0.0,0.0009836592,0.0,0.0,0.0023886808,0.0,0.0
0.0,0.001935256,0.0,0.0,0.0,0.0009384649,0.0013296317,0.0,0.0,0.0012543269,0.0059797773,0.0,0.005942593,0.0018516779,0.0,0.0,0.005128856,0.0015989486,0.0,0.0,0.0,0.0012936164,0.0037713896,0.0020184491,0.00011909465,0.004477951,0.003661965,0.0,0.0,0.005197361,0.0,0.0,0.0072342097,0.0,0.0025527081,0.0,0.003858113,0.0,0.0010543508,0.0,0.0,0.0,0.005651667,0.0005712571,0.0,2.5010668e-06,0.0014286179,0.0,0.0021785544,0.0,0.0070196223,0.0014535156,0.0026231331,0.0,0.0,0.008160318,0.0019738183,0.0,0.0,0.0045234063,0.000761196,0.0037287732,0.0029157777,0.0
0.00620763,0.0,0.0063624866,0.0057854326,0.0,0.009738016,0.0064937947,0.0,0.0037414143,0.0046932716,0.0023435806,0.0028424747,0.0017144531,0.0044602156,0.0,0.0,0.0,0.0040858625,0.0,0.0,0.0,0.0,0.0,0.0016952942,0.00012586886,0.0006517632,0.0071176332,0.0,6.38701e-06,0.0,0.0016726109,0.0057204925,0.0,0.00507861,0.0,0.0056221867,0.0,0.0,0.008745011,0.0025651548,0.0,0.004723143,0.0,0.0,0.0,0.0,0.0,0.0,0.0039781355,0.0,0.0016007978,0.0,0.010353444,0.0,0.0,0.0075268447,0.0,0.0,0.0040118136,0.0,0.0,0.0022726557,0.0,0.0052629635
0.0064705154,0.0,0.0049585667,0.0,2.5133602e-05,0.003526596,0.0003142613,0.00039871864,0.0,0.00025415956,0.0,0.0,0.0031889407,0.0,0.0,0.00011333148,0.0,0.0009423933,0.0,0.0008753347,0.0,0.0,0.002181617,0.0028477511,0.0029821903,0.0,0.0065309573,0.0,0.0038822524,0.0011007367,0.0020134943,0.0,0.0,0.0,0.0,0.00666798,0.0006620998,0.0,0.00037758565,0.0,0.0015878561,0.0,0.00018584053,0.0,0.002007402,0.0,0.001487876,0.0,0.003468446,0.0,0.0035938881,0.0,0.0028318889,0.0015102217,0.0,0.0013926732,0.0,0.0,0.0006836463,0.0,0.00052517303,0.0050395955,0.0,0.00083492
0.0,0.0056523597,0.008777798,0.000105674495,0.014110832,0.0072965864,0.0,0.007829547,0.006059714,0.003222813,0.013205911,0.0,0.0,0.0027746963,0.0032592716,0.0,0.009690769,0.0,0.0,0.0,0.008909271,0.009693187,0.009638035,0.006444701,0.01218333,0.0,0.0,0.0,0.0,0.0,0.0,0.015500742,0.00376688,0.0,0.0,0.0,0.0,0.0,0.0077787093,0.0,0.007578414,0.0,0.0145483175,0.0,0.0,0.012092228,0.0,0.0055390317,0.00048113964,0.009981124,0.007644263,0.008147281,0.0015302829,0.0013349045,0.005623111,0.0027515902,0.0018415214,0.0029684072,0.005463954,0.007875962,0.0050255805,0.011189436,0.009875026,0.0
0.00095334556,0.0,0.0,0.0030924277,0.0012432456,0.003702195,0.0002438284,0.0,0.0029240204,0.0036351613,0.001261504,0.0010770345,0.00027818745,0.001322729,0.0,0.0,0.00313864,0.0052954727,0.0,0.00171916,0.0,0.00033019838,0.00152612,0.0020784286,0.00023745262,0.0016210679,0.0060729953,0.0,0.0038181501,0.002531577,0.0036448862,0.0,0.0026713954,0.0003021469,0.0051987623,0.0016643079,0.0,0.0035025908,0.0023953205,0.0071611027,0.0,0.0,0.0015838791,0.0,0.0,0.0024011568,0.0,0.0,0.0,0.0,0.00027990714,9.957701e-05,0.0072139436,0.0,0.0035491423,5.8778794e-05,0.0,0.0,0.0028153975,0.0,0.0,0.005320597,0.0,0.0028069324
0.0033864472,0.0,0.0010962673,0.000116353505,0.0,0.0007498365,0.005681379,0.00041426806,0.0,0.0040357844,0.0018616979,0.0,0.001987143,0.0,0.0,0.0022718103,0.00025143905,0.0022394075,0.0,0.00014029257,0.0,0.0,0.0,0.0029862404,0.0017563474,0.002292769,0.00027096504,0.0,5.5592158e-05,0.00015174341,0.0,0.0,0.0036382813,0.0,0.0,0.002808329,0.00051027373,0.0028351527,0.0022632848,0.0,0.002224428,0.0,0.0025696922,0.0,0.0020273807,0.0,0.001332647,0.00064956327,0.0022005707,0.0,0.0024690754,0.0,0.0058511663,0.0,0.0,0.0060010212,0.0,0.0,0.0017200962,0.0014008521,0.0,0.0047392864,0.0,0.0
0.003673082,0.00018918345,0.0030869222,0.0,0.0,0.0,0.0,0.0,0.0,0.0048317243,0.00090977084,0.0,0.0032410398,0.0,0.0,0.0,0.0022879997,0.0056676744,0.0,0.0,0.0,0.00014752784,0.0062906295,0.0007683366,0.0,0.0026911465,0.0012187888,0.0,0.004108297,0.0027286627,0.0,0.00017641572,0.0007231484,0.0,0.0,0.0019154929,0.0025952633,0.00044312817,0.0014419497,0.0,0.0,0.0,0.0,0.0,0.0,0.0005439238,0.0025128764,0.00038973405,0.004560701,0.0,0.003533107,0.0,0.001832861,0.0,0.0,0.0027262755,0.0,0.0,0.0003864711,0.0,0.0,0.0025158986,0.0,0.0
0.0011906829,0.0,0.0,0.0052922466,0.0005158044,0.0,0.0,0.0026791845,0.0,0.0050047757,0.0010731539,0.0,0.0,0.0011636224,0.0,0.0,0.0068028457,0.0,0.0,0.0,0.0,0.0,0.0,0.0,0.003724847,0.0,0.0,0.0,0.0031978232,0.0,0.00024600746,0.002856925,0.00012177345,0.0011290796,0.002010866,0.00056697405,0.0,0.0021501193,0.005235518,0.0024187726,0.0,0.0018092336,0.0023332206,0.0012015194,0.0,0.0,0.0010837571,0.0,0.0052347914,0.0,0.009851181,0.0,0.0029622044,0.0,0.0022780583,0.0,0.0046377983,0.0,0.002711677,0.0,0.0,0.0067067,0.0,0.0
0.003362303,0.0,0.0022074976,0.0005849603,0.0,0.0032567256,0.001679016,0.00087805017,0.0,0.0030717829,0.002136225,0.0,0.003021226,0.001035254,0.0,0.0,0.0,0.0022580319,0.0,0.000878816,0.0,0.0,0.001752493,0.0017012007,0.0016701793,0.0,0.005056923,0.0,0.0016767676,0.0018170101,0.0,0.000581051,0.0014907168,0.0,0.0,0.0005975128,0.0,0.0019491062,0.0027710286,0.0,0.0005456685,0.0,0.0007571785,0.0,0.0,0.0,0.0034293411,0.0,0.002699197,0.0,0.0033614784,0.0,0.0022968778,0.0013961825,0.0,0.0019605332,0.0,0.0,0.0,0.0,0.0,0.0013306992,0.0,0.0
0.004617946,0.0,0.00014480983,0.00092207437,0.0,0.00065520976,0.0026333225,0.0012033717,0.0,0.0025434415,0.0038365328,0.0,0.0031373173,0.0,0.0,0.0,0.0016697557,0.0030262512,0.0,0.0,0.0,0.0,0.0008312125,0.00092460087,0.0009015596,0.0009382227,0.003881271,0.0,0.00065358146,0.002023826,0.0,0.0,0.0,0.0,0.0009900519,0.0046386668,0.0,0.002767704,0.0021972484,0.0015531702,0.0,0.00028589112,0.0010268757,0.0,0.0,0.0,0.002089092,0.0,0.003748656,0.0,0.00073245727,0.0,0.0019105163,0.0,0.0,0.003890924,0.0,0.0,6.700284e-05,0.0,0.0,0.0040227547,0.0,0.0
0.005999915,0.0027202896,0.001989387,0.0,0.0,0.00050901866,0.0002603631,0.0,0.0,0.0035633713,0.00463032,0.0,0.0040868376,0.0,0.0,0.0,0.008014738,0.000567527,0.0,0.0,0.0,0.0,0.0,0.0028872727,0.0023593798,0.0,0.0016474221,0.0,0.0,0.004735084,0.0,0.0008371012,0.0004889354,0.0,0.0,0.0021763882,0.0,0.0,0.0023142728,0.0,0.0,0.0,0.0026303248,0.0006573391,0.0,2.3250002e-05,0.0025386382,0.0034176102,0.0028455919,0.0,0.006000424,0.00031165662,0.0015224537,0.0,0.0,0.0030518244,0.0,0.0,0.0,0.0,0.0,0.0013272444,0.0014901287,0.0
0.006277455,0.0,0.0,0.0011913311,0.0,0.0024699287,0.0014838928,0.0016034162,0.0,0.0030078536,0.0046818685,0.0,0.002676221,0.0,0.00020612287,0.0016296383,0.0028375224,0.0020832322,0.0,0.0,0.0,0.0017473663,0.0023901078,0.0047667753,0.0024074053,0.0006716823,0.00091205235,0.0,0.0029113374,0.004889435,0.0,0.0009882489,0.0012382882,0.0,0.0020074518,0.0026575543,0.0,0.0029163396,0.0019115668,0.0,0.0019445977,0.0,0.0039638625,0.0,0.000425554,0.0,0.00270959,0.0,0.00015875208,0.0,0.0044615194,0.00025690952,0.0015346657,0.0,0.0,0.0013015587,0.0,0.0,0.00066208636,0.0,0.0,0.0014892294,0.0,0.0
0.0027155424,0.002839362,0.0,0.0035767513,0.0,0.0,0.0027371687,0.0,1.7680926e-05,0.0041129426,0.003921351,0.0,0.0047944607,0.0,0.0,0.0,0.004460021,0.0,0.00028335187,0.0,0.0,0.0,0.0016218132,0.0025623424,0.0017038321,0.0011449305,0.0058857133,0.0,0.0,0.0034274857,0.0,0.0,0.005067403,0.0015434457,0.0,0.004887636,0.0,0.0029791722,0.001670705,0.0,0.0,0.0,5.0176634e-05,0.0,0.0,0.0,0.003365771,0.0036298037,0.00036263396,0.0002949864,0.0023545222,0.002373421,0.0027676704,0.0039015093,0.0,0.0,0.0,0.0,0.0003336222,0.0,0.0,0.0010992787,0.0,0.0
0.0005019298,0.0010561061,0.0,0.0015689662,0.0,0.0,0.00041065086,0.0,0.0,0.0030762563,0.0055482136,0.0,0.0043297177,0.0,0.0,0.0,0.0020660798,0.0026604284,0.0,0.0,0.0,0.0,0.001555809,0.0,0.0,0.0024008462,0.0042976057,0.0,0.0036515414,0.0034339977,0.0,0.0,0.0018294911,0.0,0.00091671303,0.0021968654,0.0,0.002654169,0.0034400704,7.163512e-05,0.0012537489,0.0,0.0,0.00032907247,0.00096580404,0.0,0.0,1.6980222e-05,0.002864396,0.0,0.0024768426,0.0,0.004244874,0.0,0.0,0.003906526,0.0,0.0,0.0026268885,0.0,0.0007221054,0.0012329617,0.0,0.0
0.005420633,0.0,0.0034349281,0.0,0.0,0.0046204426,0.0036492837,0.00023509224,0.0014302961,0.002693579,0.0,0.0035661948,0.0,0.0007240069,0.0,0.003302687,0.0019416751,0.0,0.0,0.0017759937,0.0,0.0,0.0044065495,0.003947639,0.00083345117,0.0046362146,0.0013084325,0.00078198104,0.003202558,0.0,0.0,0.0,0.0047807796,0.0,0.0,0.0,0.0,0.0016965286,0.0,0.00526553,0.0,0.0,0.0007372711,0.0,0.00049957697,0.0,0.0025717574,0.0,0.0016214661,0.0012913446,0.005979066,0.0,0.0047631925,0.0,0.0,0.005562662,0.0,0.0,0.0031393024,0.0,0.0,0.0023037968,0.0,0.0
0.0,0.0,0.0015250357,0.0030124113,0.0,0.0034492859,0.00077750965,0.000541823,0.0,0.0073721693,0.0025399595,0.0,0.0,0.0,0.0,0.0038926394,0.006408309,0.0025203293,0.0,0.0,0.0,0.0,0.004825067,0.0053937715,0.0,0.0027391901,0.003990013,0.0004193302,0.001323101,0.0,0.001858975,0.00054116745,0.0,0.0,0.0,0.0010931311,0.0024600097,0.0,0.0,0.0029477668,0.0,0.00036861235,0.008146357,0.0,0.0,0.0,0.0050496925,0.0,0.0,0.0,0.0026856125,0.0027125743,0.0042587086,0.0,0.002124574,0.0043948796,0.0,0.0,0.0,0.002068895,0.0,0.0057456465,0.0,0.00080918474
0.0034391396,0.0008171553,0.0,0.0,0.0,0.00078760134,0.0010580097,0.0,0.0,0.001864143,0.0021500029,0.00016801385,0.0014538297,0.0,0.0,0.0,0.0006178691,0.002971101,0.0,0.0,0.0,0.0,0.0012799113,0.0018192028,0.0,0.0008373647,0.0034441,0.0,0.0010160699,0.0023514882,0.0,0.0009023112,0.0002853857,0.0,0.0,0.003582039,0.0,0.00076398504,0.0034949759,0.00025348342,0.001326065,0.0,0.001206176,0.0,0.0,0.0,0.0,0.0,0.0033509312,0.0,0.002760028,0.0,0.0016781942,0.0,0.0,0.0010360013,0.0,0.0,0.00024077785,0.0,0.00014027348,0.0038807807,0.0,0.0
0.00044045504,0.0,0.001723014,0.002196657,0.0,0.0018122755,0.00089239934,0.0024082903,0.0,0.0039894674,0.0024387033,0.0,0.005594239,0.0,0.00063979626,0.0,0.0,0.0030657053,0.0,0.0013396894,0.0,0.0,0.0019780335,0.0037749105,0.0,0.0014268039,0.004449501,0.0018781496,0.00091360806,0.0,0.0,0.00026414322,0.0,0.0,0.0,0.0014287048,0.0,0.0038930574,0.0016698196,0.0025588041,0.0034561614,0.0,0.0052206567,0.0028076195,0.00025218102,0.0,0.0010263376,0.0,0.00047065923,0.0,0.0045377295,0.0,5.1064533e-05,0.0,0.0,0.0049731126,0.0005953177,0.0,0.0020078553,0.0011400047,0.0,0.00337803,0.0,0.0
0.0023535993,0.0014272186,0.000622159,0.0,0.0,0.00098417,0.003080472,0.0,0.0,0.003504896,0.000713015,0.0,0.004995297,0.0,0.0,0.0,0.002123834,0.0028845922,0.0,0.0005146733,0.0,0.0,0.003043763,0.0012726285,0.001502148,0.0029026489,0.0017577461,0.0,0.0023109405,0.0032302914,0.0012031975,0.00083602796,0.00026136427,0.0,0.0,0.0013269113,0.0,0.0,0.0,0.0016029838,0.0,0.0,0.0019022992,0.0,0.0018018936,0.0,0.000605284,0.0,0.00085129007,0.0002455043,0.0022782153,0.0,0.0010620484,0.0010583447,0.0,0.0021392726,0.0,0.0,0.0025827016,0.0,0.0,0.002188052,0.0,0.0
0.0040179603,0.0020169266,0.0027138572,0.00020158867,0.0010962172,0.00018893153,0.0007990175,0.0,0.0,0.005313034,0.0050995955,0.0,0.0040130345,0.0,0.0,0.0,0.0012691293,0.004342939,0.0,0.0012393575,0.0,0.0,0.0046389266,0.0,0.0025497389,0.001599806,0.0013163812,0.00073679443,0.0013643507,0.006577164,0.0,0.0005714379,0.0,0.0,0.0,0.004130536,0.002450143,0.0050751083,0.00035704998,0.0,0.0,0.0,0.0024332097,0.0,0.002725728,0.0,0.0046488857,0.00037081726,0.0025848025,0.0021620484,0.0047873007,0.0,0.0,0.0,0.0,0.0035359748,0.0,0.0,0.0,0.0,0.0,0.0031594061,0.0,0.0
0.0022553022,0.0015383023,0.0,0.0018556464,0.0,0.0014845142,0.0029738757,0.00080091297,0.0,0.0018031404,0.0007751633,0.0,0.003847512,0.0,0.0,0.0,0.003280858,0.0035185548,0.0,0.0,0.0,0.00040783087,0.0041573094,0.0022059313,0.0,0.00191432,0.0046111397,0.0,0.0016658312,0.0023442225,0.0,0.00079974026,0.0009026915,0.0,0.0010616368,0.0043183267,0.00036672165,0.0016146526,0.003858426,0.00034918217,0.0,0.0,0.0014391574,0.0,0.0,0.0,0.0015674987,0.0,0.002428789,0.0,2.2206339e-05,0.0,0.0,0.0008599253,0.0,0.0022428362,0.0,0.0,0.00023148517,0.0,0.0,0.0038059202,0.0,0.0
0.014663243,0.01429753,0.0056234854,0.0,0.0,0.0,0.0037781217,0.0,0.003998061,0.013666958,0.016512856,0.0,0.0032199055,0.0,0.0,0.0,0.011216063,0.0057221455,0.0,0.0,0.0,0.0,0.0,0.009310349,0.002753427,0.0,0.009469209,0.0,0.0,0.0,0.0,0.00012359273,0.0,0.010501921,0.0,0.014533611,0.0,0.0083333915,0.0,0.0,0.01368018,0.0,0.009773411,0.0,0.0,0.009866247,0.0054563675,0.004883497,0.008948889,0.0,0.015466282,0.004602575,0.0034455876,0.00489067,0.0,0.0,0.0,0.010000613,0.0048800167,0.004167867,0.0,0.0,0.0,0.0
0.003395137,0.00018490624,0.0008336706,0.0009269276,0.0,0.0017365546,0.0012233234,0.0,0.0,0.0024604856,0.0001922599,0.0,0.0033729312,0.0,0.0,0.0,0.0007017121,0.002938361,0.0,0.0,0.0,0.0,0.0026375328,0.0017620194,0.0,0.0016062653,0.0014392765,0.0,0.0008773374,0.00066580786,0.0,0.0,0.00083863904,0.0,0.0,0.0028051867,0.0,0.0,0.0016601572,0.0013226693,0.0,0.0,0.0019497285,0.0,0.0,0.0,0.0025857505,0.0,0.0025588227,0.0,0.0017336042,0.0,0.0015239108,0.00023066858,0.0,0.0011479246,0.0,0.0,0.0001847852,0.0,0.0,0.0017004824,0.0,0.0
0.0014507246,0.0007385073,0.0038648169,0.0,0.0,0.0020894485,0.003297251,0.0003551892,0.0,0.0045792293,0.0022197072,0.00034790393,0.0052794563,0.0011691437,0.0,0.0,0.0017916564,0.0043753097,0.0,0.0,0.0,0.0021483374,0.001962849,0.0024004786,0.0,0.0007238566,0.0024845363,0.0,0.0,0.0018267396,0.0016799357,0.0020438354,0.0021587638,0.0,0.0010304294,0.0031254229,0.0,0.0,0.003762282,0.003454384,0.0005606686,0.0,0.0028021536,0.0,0.0,0.0007298214,0.00106586,0.0,0.0018544827,0.0010346479,0.0007795589,0.0,0.0016917622,0.0009069359,0.0,0.0,0.0,0.0,0.0,0.0,0.0,0.0032540055,0.0,0.0
0.0022337867,0.0,0.0020528266,0.0015015601,0.0,0.001960773,0.0040261443,0.0008453713,0.0,0.0011828268,0.0013028849,0.0,0.0020812026,0.0,0.0,0.0,0.0020042693,0.0035774256,0.0,0.0,0.0,0.0,0.0006443566,0.001456086,1.2966775e-05,0.0036789684,0.0016573315,0.0,0.0029830472,0.0030707202,0.0,0.00020873325,0.0018443742,0.0,0.0,0.0017380064,0.0,0.0,0.0010063748,3.5700737e-05,0.00020462138,0.0,0.0010855825,0.0,0.0,0.0,0.0029920456,0.0,0.003051079,0.0,0.0,0.0,0.00024133525,0.0,0.0,0.00106559,3.080652e-05,0.0,0.0,0.0,0.0,0.0023751736,0.0,0.0
0.005966768,0.0016191511,0.0,0.0,0.00025394303,0.0027094746,0.006408212,0.0,0.0,0.0,0.0040360834,0.0,0.0017159983,0.0,0.0,0.002308981,0.0,0.0,0.0,0.0033141184,0.0,0.0015540351,0.009971142,0.0041235965,0.0,0.004183202,0.0,0.0,0.00039395504,0.003742558,0.001972636,0.0026689868,0.0030089673,0.002775666,0.0023374418,0.011934422,0.0,0.0,0.0033949236,0.00060757576,0.0,0.0,8.525513e-05,0.0,0.0028654274,0.0,0.0,0.0,0.0,0.00047606486,0.0051167356,0.0,0.0,0.007938853,0.0,0.0,0.0,0.0,0.003389528,0.0,0.0026662536,0.0065691965,0.0010902595,0.0
0.005966768,0.0016191511,0.0,0.0,0.00025394303,0.0027094746,0.006408212,0.0,0.0,0.0,0.0040360834,0.0,0.0017159983,0.0,0.0,0.002308981,0.0,0.0,0.0,0.0033141184,0.0,0.0015540351,0.009971142,0.0041235965,0.0,0.004183202,0.0,0.0,0.00039395504,0.003742558,0.001972636,0.0026689868,0.0030089673,0.002775666,0.0023374418,0.011934422,0.0,0.0,0.0033949236,0.00060757576,0.0,0.0,8.525513e-05,0.0,0.0028654274,0.0,0.0,0.0,0.0,0.00047606486,0.0051167356,0.0,0.0,0.007938853,0.0,0.0,0.0,0.0,0.003389528,0.0,0.0026662536,0.0065691965,0.0010902595,0.0
0.0013770859,0.0,0.0039154585,0.01800536,0.01387166,0.0,0.0,0.0067579215,0.011432242,0.017925942,0.0,0.0,0.009595031,0.0015539469,0.0,0.0,0.0029763617,0.0008336385,0.0,0.0,0.0031205313,0.0,0.019062536,0.0,0.009427866,0.0060765175,0.0064501595,0.0,0.013736106,0.0,0.0021276318,0.0,0.010294216,0.0,0.0097614685,0.0,0.0012012571,0.0,0.0,0.008967112,0.0,0.0,0.0,0.0,0.014452099,0.0,0.0,0.008000624,0.0,0.0,0.0,0.008507013,0.0060195657,0.0,0.00967855,0.014482303,0.0,0.0,0.00251925,0.0,0.0,0.0,0.0,0.0
0.004483754,0.0008746336,0.0026289653,0.0006425167,0.0,0.0,0.0013031743,0.0014835817,0.0,0.0021728403,0.0010745404,0.0,0.0038844147,0.0,0.0,0.0009876995,0.001057337,0.00072509144,0.0,0.0,0.0,0.0,0.00161322,0.00259272,0.0014430408,6.507069e-05,0.0046571796,0.0,0.0018491773,0.0016296118,0.0,0.0012294347,0.00053276407,0.0,0.0,0.0022184844,0.0,0.0002568969,0.004156795,2.6220921e-05,0.0,0.0,0.0016774992,0.0,0.0,0.0,0.0004342997,0.0,0.0030718502,0.0,0.0026925178,0.0,0.002190248,0.0,0.0,0.0015040085,0.0,0.0,0.00012455141,0.0,0.0,0.0037578002,0.0,0.0
